"Reference","Qty","Value","Footprint","Supplier_2 P/N","Mfr","Mfr P/N"
"Y1","1","16MHz 12pF","Crystal:Crystal_SMD_2520-4Pin_2.5x2.0mm","C426965","JGHC","S2216000121080"
"X1","1","ABM8-272-T3","_BMS:ABM8-272-T3_ABR","C20625731","Abracon LLC","ABM8-272-T3"
"U11","1","MCP25625-E/ML","_BMS:QFN-28L","C481365","Microchip Tech","MCP25625-E/ML"
"U10","1","MP2790DFP-0000-T","_BMS:TQFP-48_MP2790_MNP","C23282104","Monolithic Power Systems Inc.","MP2790DFP-0000-T"
"U4,U5,U6,U7,U8,U9","6","SQ1464EEH-T1_GE3","_BMS:SC_4EEH-T1_GE3_VIS","C5900582","Vishay Siliconix","SQ1464EEH-T1_GE3"
"U3","1","TPS7B8133QDGNRQ1","_BMS:VSSOP8_DGN_TEX","C2866190","Texas Instruments","TPS7B8133QDGNRQ1"
"U2","1","RP2350A","Package_DFN_QFN:QFN-60-1EP_7x7mm_P0.4mm_EP3.4x3.4mm_ThermalVias","C42411118","Raspberry Pi","SC1511(13)-A4"
"U1","1","W25Q64JVSSIQ","_BMS:SOIC-8_5P28X5P28_WIN","C179171","Winbond Elec","W25Q64JVSSIQ"
"TP1,TP2,TP3,TP4,TP5,TP6,TP7,TP8,TP9,TP10,TP11,TP12,TP13,TP14","14","CELL0,CELL1,CELL2,CELL3,CELL4,CELL5,CELL6,TestPoint","_BMS:Harwin TP","C5846954","Harwin","S2761-46R"
"R_SENSE1","1","2 mΩ","Resistor_SMD:R_2512_6332Metric","C728306","YAGEO","PA2512FKE7W0R002E"
"R_REG1","1","100 Ω","Resistor_SMD:R_2512_6332Metric","C24920","UNI-ROYAL(Uniroyal Elec)","25121WJ0101T4E"
"R_GATE1,R_GATE2,R_GATE3,R_GATE4,R_GATE5,R_GATE6","6","10 Ω","Resistor_SMD:R_0603_1608Metric","C313648","Vishay Dale","CRCW060310R0FKEAHP"
"R_CHG_PUP1,R_DSG_PUP1","2","10 MΩ","Resistor_SMD:R_0603_1608Metric","C7250","UNI-ROYAL(Uniroyal Elec)","0603WAF1005T5E"
"R_CHG_DRIVER1,R_CHG_MG1,R_CHG_MG2,R_DSG_DRIVER1,R_DSG_MG1,R_DSG_MG2,R_MID1,R_PACK_FLT1,R_SRN_FLT1,R_SRP_FLT1,R_TOP_FLT1","11","100","Resistor_SMD:R_0603_1608Metric","C844725","Vishay Dale","CRCW0603100RFKEAHP"
"R_BAL_1,R_BAL_2,R_BAL_3,R_BAL_4,R_BAL_5,R_BAL_6","6","51 Ω","Resistor_SMD:R_1206_3216Metric","C873963","YAGEO","SR1206FR-7W51RL"
"R53","1","200k","Resistor_SMD:R_0603_1608Metric","C25811","UNI-ROYAL(Uniroyal Elec)","0603WAF2003T5E"
"R52","1","1M","Resistor_SMD:R_0603_1608Metric","C22935","UNI-ROYAL(Uniroyal Elec)","0603WAF1004T5E"
"R51","1","120","Resistor_SMD:R_0603_1608Metric","C22787","UNI-ROYAL(Uniroyal Elec)","0603WAF1200T5E"
"R48,R49,R50","3","10K","Resistor_SMD:R_0603_1608Metric","C4037161","Venkel","TFCR0603-10W-C-1002FT"
"R37,R39","2","1MΩ","Resistor_SMD:R_0603_1608Metric","C105578 ","Yageo","RC0603FR-071ML"
"R33","1","10k","Resistor_SMD:R_0603_1608Metric","C142556","Vishay Intertech","NTCS0603E3103FLT"
"R21,R22,R23,R24,R25,R26,R27,R28,R29,R34,R36,R38,R40,R41,R42,R43,R44,R45,R46,R47","20","10k","Resistor_SMD:R_0603_1608Metric","C98220","YAGEO,Yageo","RC0603FR-0710KL"
"R17","1","33","Resistor_SMD:R_0603_1608Metric","C160041","KOA Speer Electronics, Inc.","RK73H1JTTD33R0F"
"R16,R18,R19","3","470","Resistor_SMD:R_0603_1608Metric","C114669","YAGEO","RC0603FR-07470RL"
"R14,R15","2","27","Resistor_SMD:R_0201_0603Metric","C861276","YAGEO","RT0603BRD0727RL"
"R10,R12","2","1k","Resistor_SMD:R_0603_1608Metric","C22548","YAGEO","RC0603FR-071KL"
"R6,R7","2","100","Resistor_SMD:R_0603_1608Metric"," C122970","YAGEO","RT0603BRD07100RL"
"R5,R8,R9,R11","4","10k","Resistor_SMD:R_0603_1608Metric"," C95204","YAGEO","RT0603BRD0710KL "
"R3,R4,R13,R20,R35,R_CELL_FLT1,R_CELL_FLT2,R_CELL_FLT3,R_CELL_FLT4,R_CELL_FLT5,R_CELL_FLT6,R_CELL_FLT7","12","1k","Resistor_SMD:R_0603_1608Metric","C116692","YAGEO,Yageo","AC0603FR-071KL"
"R1,R2","2","5.1k","Resistor_SMD:R_0603_1608Metric","C125891","YAGEO","AC0603FR-075K1L"
"Q6","1","Q_PMOS_GDS","_BMS:SOT-23","C5917586","Vishay Intertech","SI01P10-TP"
"Q2,Q3,Q4,Q5","4","PSMN3R7-100BSE","_BMS:TO-263-2","C406802","Nexperia USA Inc.","PSMN3R7-100BSEJ"
"Q1","1","FZT853TA","_BMS:SOT230P700X185-4N","C435890","Diodes Incorporated","FZT853TA"
"L1","1","3.3u","_BMS:rp_inductor","C42411119","Abracon LLC","AOTA-B201610S3R3-101-T"
"J10,J11,J12","3","Conn_01x02_Pin","Connector_JST:JST_GH_SM02B-GHS-TB_1x02-1MP_P1.25mm_Horizontal","C189893","JST","SM02B-GHS-TB(LF)(SN)"
"J9","1","Conn_01x02_Pin","Connector_AMASS:AMASS_XT30PW-M_1x02_P2.50mm_Horizontal","C431092","Changzhou Amass Elec","XT30PW-M30.G.Y"
"J8","1","Conn_01x07_Pin","Connector_JST:JST_XH_S7B-XH-A-1_1x07_P2.50mm_Horizontal","C157916","JST","S7B-XH-A(LF)(SN)"
"J4","1","Conn_01x04_Socket","Connector_JST:JST_GH_SM04B-GHS-TB_1x04-1MP_P1.25mm_Horizontal","C189895","JST Sales America Inc.","SM04B-GHS-TB"
"J3,J5,J6,J7","4","Conn_01x03_Socket","Connector_PinHeader_2.54mm:PinHeader_1x03_P2.54mm_Vertical","C49257","BOOMELE(Boom Precision Elec)","2.54-1*3PPin"
"J2","1","Conn_01x02_Socket","Connector_AMASS:AMASS_XT30PW-F_1x02_P2.50mm_Horizontal","C2913282","Changzhou Amass Elec","XT30PW-F20.G.Y"
"J1","1","UJ20-C-H-G-SMT-1-P16-TR","_BMS:SAMESKY_UJ20-C-H-G-SMT-1-P16-TR","C45082766","Same Sky (Formerly CUI Devices)","UJ20-C-H-G-SMT-1-P16-TR"
"FB1,FB2","2","120Ω@100MHz","Inductor_SMD:L_0603_1608Metric","C14709","Murata Electronics","BLM18PG121SN1D"
"DAGND_CO1","1","4.7V 200MW","Diode_SMD:D_SOD-323","C150503","Diodes Incorporated","BZT52C4V7S-7-F"
"D22,D23","2","AQ24C-01FTG","Diode_SMD:D_0805_2012Metric","C315918","Littelfuse","AQ24C-01FTG"
"D20,D_CHG_VGS1,D_CHG_VGS2","3","TPSMF4L16A","Diode_SMD:Nexperia_CFP3_SOD-123W","C468927","Littelfuse Inc.","TPSMF4L16A"
"D19","1","BAT46GWJ","Diode_SMD:D_SOD-123","C5557780","Vishay General Semiconductor - Diodes Division","BAT46W-E3-18"
"D17","1","SMBJ28CA","Diode_SMD:D_SMB","C151259","Littelfuse","SMBJ28CA"
"D16,D21","2","LED","LED_SMD:LED_0603_1608Metric","C79636","ROHM Semicon","SML-310LTT86"
"D10,D11,D12,D13,D14,D15","6","PTVS5V0S1UR,115","Diode_SMD:Nexperia_CFP3_SOD-123W","C478011","Nexperia USA Inc.","PTVS5V0S1UR,115"
"D6,D7,D8","3","SS16HE","Diode_SMD:D_SOD-323F","C556433","onsemi","SS16HE"
"D3,D4,D5","3","LED","LED_SMD:LED_0603_1608Metric","C413463","Vishay Intertech","VLMW1300-GS08"
"D1,D2,D9,D18","4","LED","LED_SMD:LED_0603_1608Metric","C126319","ROHM Semi,ROHM Semicon","SML-E12P8WT86"
"C_TOP_FLT1","1","470 nF","Capacitor_SMD:C_0603_1608Metric","C513577","YAGEO","CC0603KRX7R9BB474"
"C_REGIN1","1","3.3 μF","Capacitor_SMD:C_0603_1608Metric","C342962","TDK","C1608X5R1E335KT000E"
"C_PACK_E1,C_PACK_E2,C_PACK_E3,H1,H2,H3,H4,JP1,NT1,R30,R31,R32","12","10k,MountingHole,NetTie_2,SolderJumper_2_Open,~","Capacitor_SMD:C_1206_3216Metric,Jumper:SolderJumper-2_P1.3mm_Open_RoundedPad1.0x1.5mm,MountingHole:MountingHole_2.2mm_M2_Pad_TopBottom,NetTie:NetTie-2_SMD_Pad2.0mm,Resistor_SMD:R_0603_1608Metric","","",""
"C_CP1","1","47 nF","Capacitor_SMD:C_0603_1608Metric","C519554","YAGEO","CC0603JRX7R9BB473"
"C_3V3_1,C_REG1,C_VDD1,C_VREF1","4","1 μF","Capacitor_SMD:C_0603_1608Metric","C22443289","Murata Electronics","GCM188D71H105KE36J"
"C29,C30","2","47pF","Capacitor_SMD:C_0603_1608Metric","C1671","SAMSUNG","CL10C470JB8NNNC"
"C25,C26","2","18pF","Capacitor_SMD:C_0603_1608Metric","C1647","SAMSUNG","CL10C180JB8NNNC"
"C20,C21,C22,C23,C24,C_CELL_FLT1,C_CELL_FLT2,C_CELL_FLT3,C_CELL_FLT4,C_CELL_FLT5,C_CELL_FLT6,C_PACK_FLT1","12","10n","Capacitor_SMD:C_0603_1608Metric","C3836718","Murata Electronics","GRT1885C1E103FA02D"
"C18,C19","2","10uF","Capacitor_SMD:C_0805_2012Metric","C440198","Murata Electronics","GRM21BR61H106KE43L"
"C12","1","100 nF","Capacitor_SMD:C_0201_0603Metric","C1882920","YAGEO","CC0201KRX7R5BB104"
"C9,C15,C16,C17","4","4.7u","Capacitor_SMD:C_0603_1608Metric","C389010","Murata","GRM188Z71C475KE21D"
"C7,C8","2","15p","Capacitor_SMD:C_0603_1608Metric","C519483"," YAGEO","CC0603FRNPO9BN150"
"C1,C2,C3,C4,C5,C6,C10,C11,C13,C14,C27,C28,C_MID1,C_SRN_GND1,C_SRP_GND1,C_SRP_SRN1","16","100 nF","Capacitor_SMD:C_0603_1608Metric","C91183","YAGEO","CC0603JRX7R9BB104"
